,state,city,coordinates,name,business_status,opening_hours,price_level,rating,types,vicinity,ubereats,Cuisine Type
0,Victoria (VIC),Melbourne,"-37.8136, 144.9631",La Camera Southgate,OPERATIONAL,{'open_now': True},2,4.2,"['restaurant', 'food', 'point_of_interest', 'establishment']","MR2/3 Southgate Avenue, Southbank",TRUE,Italian
1,Victoria (VIC),Melbourne,"-37.8136, 144.9631",Oriental Teahouse Lt Collins,OPERATIONAL,{'open_now': True},2,4.3,"['meal_takeaway', 'cafe', 'restaurant', 'food', 'point_of_interest', 'establishment']","378 Little Collins Street, Melbourne",FALSE,N/A
2,Victoria (VIC),Melbourne,"-37.8136, 144.9631",Stamford Plaza Melbourne,CLOSED_TEMPORARILY,N/A,N/A,4.1,"['lodging', 'bar', 'restaurant', 'food', 'point_of_interest', 'establishment']","111 Little Collins Street, Melbourne",FALSE,N/A
3,Victoria (VIC),Melbourne,"-37.8136, 144.9631",Ginza Teppanyaki,OPERATIONAL,{'open_now': True},3,4.1,"['restaurant', 'food', 'point_of_interest', 'establishment']","139 Little Bourke Street, Melbourne",FALSE,N/A
4,Victoria (VIC),Melbourne,"-37.8136, 144.9631",Japanese Teppanyaki Inn,OPERATIONAL,{'open_now': True},3,4.6,"['restaurant', 'food', 'point_of_interest', 'establishment']","182 Collins Street, Melbourne",FALSE,N/A
5,Victoria (VIC),Melbourne,"-37.8136, 144.9631",Flower Drum Restaurant Melbourne,OPERATIONAL,{'open_now': True},3,4.5,"['restaurant', 'food', 'point_of_interest', 'establishment']","17 Market Lane, Melbourne",FALSE,N/A
6,Victoria (VIC),Melbourne,"-37.8136, 144.9631",The Mill Restaurant,OPERATIONAL,{'open_now': True},2,2.9,"['bar', 'restaurant', 'food', 'point_of_interest', 'establishment']","71 Hardware Lane, Melbourne",FALSE,N/A
7,Victoria (VIC),Melbourne,"-37.8136, 144.9631",Sopranos on Southbank,OPERATIONAL,{'open_now': True},2,3.8,"['meal_delivery', 'restaurant', 'food', 'point_of_interest', 'establishment']","89/91 City Road, Southbank",FALSE,N/A
8,Victoria (VIC),Melbourne,"-37.8136, 144.9631",Tsindos,OPERATIONAL,{'open_now': True},2,4.3,"['bar', 'restaurant', 'food', 'point_of_interest', 'establishment']","197 Lonsdale Street, Melbourne",FALSE,N/A
9,Victoria (VIC),Melbourne,"-37.8136, 144.9631",Desi Dhaba,OPERATIONAL,{'open_now': True},2,3.7,"['restaurant', 'food', 'point_of_interest', 'establishment']","134 Flinders Street, Melbourne",FALSE,N/A
10,Victoria (VIC),Melbourne,"-37.8136, 144.9631",Degani.,OPERATIONAL,{'open_now': False},2,4.1,"['cafe', 'restaurant', 'food', 'point_of_interest', 'store', 'establishment']","1/38 Siddeley Street, Docklands",FALSE,N/A
11,Victoria (VIC),Melbourne,"-37.8136, 144.9631",Ants Bistro,OPERATIONAL,{'open_now': True},2,3.9,"['meal_delivery', 'restaurant', 'food', 'point_of_interest', 'establishment']","7 Corrs Lane, Melbourne",FALSE,N/A
12,Victoria (VIC),Melbourne,"-37.8136, 144.9631",Carlton Curry House - Traditional Indian Restaurant,OPERATIONAL,{'open_now': True},1,3.4,"['meal_delivery', 'meal_takeaway', 'restaurant', 'food', 'point_of_interest', 'establishment']","108 Lygon Street, Carlton",FALSE,N/A
13,New South Wales (NSW),Sydney,"-33.8688, 151.2093",QT Sydney,OPERATIONAL,{'open_now': True},N/A,4.6,"['lodging', 'bar', 'restaurant', 'food', 'point_of_interest', 'establishment']","49 Market Street, Sydney",FALSE,N/A
14,New South Wales (NSW),Sydney,"-33.8688, 151.2093",Sir Stamford at Circular Quay,OPERATIONAL,{'open_now': True},N/A,4.4,"['lodging', 'bar', 'restaurant', 'food', 'point_of_interest', 'establishment']","93 Macquarie Street, Sydney",FALSE,N/A
15,New South Wales (NSW),Sydney,"-33.8688, 151.2093",The Little Snail Restaurant,OPERATIONAL,{'open_now': True},2,4.5,"['restaurant', 'food', 'point_of_interest', 'establishment']","3/50 Murray Street, Pyrmont",FALSE,N/A
16,New South Wales (NSW),Sydney,"-33.8688, 151.2093",Nick's Seafood Restaurant,OPERATIONAL,{'open_now': True},3,3.9,"['restaurant', 'food', 'point_of_interest', 'establishment']","Cockle Bay Wharf, T.102, Wheat Road, Sydney",FALSE,N/A
17,New South Wales (NSW),Sydney,"-33.8688, 151.2093",Steersons Steakhouse,OPERATIONAL,{'open_now': True},3,4.3,"['restaurant', 'food', 'point_of_interest', 'establishment']","17 Lime Street, Sydney",FALSE,N/A
18,New South Wales (NSW),Sydney,"-33.8688, 151.2093",Infinity at Sydney Tower,OPERATIONAL,{'open_now': True},3,4.1,"['restaurant', 'food', 'point_of_interest', 'establishment']","Level 4 Westfield Sydney, 108 Market Street, Sydney",FALSE,N/A
19,New South Wales (NSW),Sydney,"-33.8688, 151.2093",Sydney Harbour Bed & Breakfast,OPERATIONAL,N/A,N/A,4,"['lodging', 'restaurant', 'food', 'point_of_interest', 'establishment']","140-142 Cumberland Street, The Rocks",FALSE,N/A
20,New South Wales (NSW),Sydney,"-33.8688, 151.2093",Pancakes On The Rocks,OPERATIONAL,{'open_now': True},2,4,"['restaurant', 'food', 'point_of_interest', 'establishment']","22 Playfair Street, The Rocks",FALSE,N/A
21,New South Wales (NSW),Sydney,"-33.8688, 151.2093",Base Backpackers,OPERATIONAL,N/A,N/A,3.8,"['lodging', 'travel_agency', 'bar', 'restaurant', 'food', 'point_of_interest', 'establishment']","477 Kent Street, Sydney",FALSE,N/A
22,New South Wales (NSW),Sydney,"-33.8688, 151.2093",Thanon Khaosan,OPERATIONAL,{'open_now': True},2,4,"['restaurant', 'food', 'point_of_interest', 'establishment']","413 Pitt Street, Haymarket",FALSE,N/A
23,Australian Capital Territory (ACT),Canberra,"-35.2809, 149.1300",QT Canberra,OPERATIONAL,{'open_now': True},2,4.2,"['lodging', 'bar', 'restaurant', 'food', 'point_of_interest', 'establishment']","1 London Circuit, Canberra",FALSE,N/A
24,Australian Capital Territory (ACT),Canberra,"-35.2809, 149.1300",Adina Serviced Apartments Canberra James Court (Formerly Medina),OPERATIONAL,{'open_now': True},N/A,3.8,"['lodging', 'restaurant', 'food', 'point_of_interest', 'establishment']","74 Northbourne Avenue, Canberra",FALSE,N/A
25,Australian Capital Territory (ACT),Canberra,"-35.2809, 149.1300",Courgette Restaurant,OPERATIONAL,{'open_now': True},3,4.6,"['restaurant', 'food', 'point_of_interest', 'establishment']","54 Marcus Clarke Street, Canberra",FALSE,N/A
26,Australian Capital Territory (ACT),Canberra,"-35.2809, 149.1300",Iori Japanese Restaurant,OPERATIONAL,{'open_now': True},3,4.5,"['restaurant', 'food', 'point_of_interest', 'establishment']","41 East Row, Canberra",FALSE,N/A
27,Australian Capital Territory (ACT),Canberra,"-35.2809, 149.1300",Wokitup! Braddon,OPERATIONAL,{'open_now': True},N/A,3.6,"['meal_delivery', 'meal_takeaway', 'restaurant', 'food', 'point_of_interest', 'establishment']","135/22 Lonsdale Street, Braddon",FALSE,N/A
28,Australian Capital Territory (ACT),Canberra,"-35.2809, 149.1300",65 Northbourne Restaurant & Benchmark Wine Bar,OPERATIONAL,{'open_now': True},2,3.8,"['bar', 'restaurant', 'food', 'point_of_interest', 'establishment']","corner of, 65 Northbourne Ave, Rudd Street, Canberra",FALSE,N/A
29,Australian Capital Territory (ACT),Canberra,"-35.2809, 149.1300",King O'Malley's,OPERATIONAL,{'open_now': True},2,4.1,"['bar', 'restaurant', 'food', 'point_of_interest', 'establishment']","131 City Walk, Canberra",FALSE,N/A
30,Australian Capital Territory (ACT),Canberra,"-35.2809, 149.1300",Charcoal Restaurant,OPERATIONAL,{'open_now': True},3,4.2,"['restaurant', 'food', 'point_of_interest', 'establishment']","61 London Circuit, Canberra",FALSE,N/A
31,Australian Capital Territory (ACT),Canberra,"-35.2809, 149.1300",Parlour,OPERATIONAL,{'open_now': True},3,4.3,"['restaurant', 'bar', 'food', 'point_of_interest', 'establishment']","16 Kendall Lane, Acton",FALSE,N/A
32,Australian Capital Territory (ACT),Canberra,"-35.2809, 149.1300",NewActon,OPERATIONAL,{'open_now': True},N/A,4.3,"['art_gallery', 'bakery', 'cafe', 'lodging', 'bar', 'restaurant', 'food', 'point_of_interest', 'store', 'establishment']","Cnr Marcus Clarke St & Edinburgh Ave, Canberra",FALSE,N/A
33,Australian Capital Territory (ACT),Canberra,"-35.2809, 149.1300",Lemon Grass Thai Restaurant,OPERATIONAL,{'open_now': True},2,3.8,"['restaurant', 'food', 'point_of_interest', 'establishment']","65 London Circuit, Canberra",FALSE,N/A
34,Australian Capital Territory (ACT),Canberra,"-35.2809, 149.1300",Mezzalira Italian Restaurant,OPERATIONAL,{'open_now': True},3,4.2,"['restaurant', 'food', 'point_of_interest', 'establishment']","55 London Circuit, Canberra",FALSE,N/A
35,Australian Capital Territory (ACT),Canberra,"-35.2809, 149.1300",McDonald's Braddon,OPERATIONAL,{'open_now': True},1,3.4,"['meal_takeaway', 'cafe', 'restaurant', 'food', 'point_of_interest', 'store', 'establishment']","Mort Street, Braddon",FALSE,N/A
36,Australian Capital Territory (ACT),Canberra,"-35.2809, 149.1300",Sage Dining Rooms,OPERATIONAL,{'open_now': True},3,4.6,"['restaurant', 'food', 'point_of_interest', 'establishment']","Gorman House Arts Centre, Batman Street, Braddon",FALSE,N/A
37,Australian Capital Territory (ACT),Canberra,"-35.2809, 149.1300",Italian & Sons,OPERATIONAL,{'open_now': True},3,4.1,"['meal_delivery', 'meal_takeaway', 'restaurant', 'food', 'point_of_interest', 'establishment']","7 Lonsdale Street, Braddon",FALSE,N/A
38,Australian Capital Territory (ACT),Canberra,"-35.2809, 149.1300",The Coffee Club Café - Canberra Centre,OPERATIONAL,{'open_now': False},2,3.3,"['cafe', 'restaurant', 'food', 'point_of_interest', 'store', 'establishment']","Level 1, Shop CF38, 148 Bunda Street, Canberra",FALSE,N/A
39,Australian Capital Territory (ACT),Canberra,"-35.2809, 149.1300",Blu Ginger,OPERATIONAL,{'open_now': True},2,4.2,"['restaurant', 'food', 'point_of_interest', 'establishment']","2/5-21 Genge Street, Canberra",TRUE,Pakistani
40,Australian Capital Territory (ACT),Canberra,"-35.2809, 149.1300",Mooseheads Pub & Nightclub,OPERATIONAL,{'open_now': False},1,3.6,"['night_club', 'bar', 'restaurant', 'food', 'point_of_interest', 'establishment']","105 London Circuit, Canberra",FALSE,N/A
41,Australian Capital Territory (ACT),Canberra,"-35.2809, 149.1300",Gus' Place,OPERATIONAL,{'open_now': False},2,4,"['cafe', 'restaurant', 'food', 'point_of_interest', 'store', 'establishment']","8/68 Bunda Street, Canberra",TRUE,Turkish
42,Queensland (QLD),Brisbane,"-27.4705, 153.0260",C'est Bon Restaurant & Le Bon Bar,OPERATIONAL,{'open_now': True},3,4.4,"['restaurant', 'bar', 'food', 'point_of_interest', 'establishment']","609/611 Stanley Street, Woolloongabba",FALSE,N/A
43,Queensland (QLD),Brisbane,"-27.4705, 153.0260",The Metropolitan Spring Hill,OPERATIONAL,{'open_now': True},N/A,3.8,"['cafe', 'lodging', 'restaurant', 'food', 'point_of_interest', 'establishment']","106 Leichhardt Street, Spring Hill",FALSE,N/A
44,Queensland (QLD),Brisbane,"-27.4705, 153.0260",Jellyfish,OPERATIONAL,{'open_now': True},2,3.8,"['restaurant', 'food', 'point_of_interest', 'establishment']","123 Eagle Street, Brisbane City",FALSE,N/A
45,Queensland (QLD),Brisbane,"-27.4705, 153.0260",Moda Tapas. Brasa. Bar,OPERATIONAL,{'open_now': True},3,4.7,"['bar', 'restaurant', 'food', 'point_of_interest', 'establishment']",61 Petrie Terrace,FALSE,N/A
46,Queensland (QLD),Brisbane,"-27.4705, 153.0260",Tukka Restaurant,OPERATIONAL,{'open_now': True},3,3.5,"['restaurant', 'food', 'point_of_interest', 'establishment']","145 Boundary Street, West End",FALSE,N/A
47,Queensland (QLD),Brisbane,"-27.4705, 153.0260",The Gunshop Cafe,OPERATIONAL,{'open_now': False},2,4.4,"['cafe', 'restaurant', 'food', 'point_of_interest', 'store', 'establishment']","53 Mollison Street, West End",TRUE,Asian
48,Queensland (QLD),Brisbane,"-27.4705, 153.0260",The Bavarian Eagle Street Pier,OPERATIONAL,{'open_now': True},2,4.2,"['bar', 'restaurant', 'food', 'point_of_interest', 'establishment']","1/45 Eagle Street, Brisbane City",FALSE,N/A
49,Queensland (QLD),Brisbane,"-27.4705, 153.0260",Alchemy Restaurant and Bar Brisbane,OPERATIONAL,{'open_now': True},1,4.6,"['bar', 'restaurant', 'food', 'point_of_interest', 'establishment']","175 Eagle Street, Brisbane City",FALSE,N/A
50,Queensland (QLD),Brisbane,"-27.4705, 153.0260",Malt Dining,OPERATIONAL,{'open_now': True},3,4.5,"['restaurant', 'bar', 'food', 'point_of_interest', 'establishment']","28 Market Street, Brisbane City",FALSE,N/A
51,Queensland (QLD),Brisbane,"-27.4705, 153.0260",The Inchcolm by Ovolo,OPERATIONAL,{'open_now': True},N/A,4.7,"['lodging', 'restaurant', 'food', 'point_of_interest', 'establishment']","73 Wickham Terrace, Spring Hill",FALSE,N/A
52,Queensland (QLD),Brisbane,"-27.4705, 153.0260",Libertine Restaurant & Cocktail Bar,OPERATIONAL,{'open_now': True},3,4.6,"['restaurant', 'bar', 'food', 'point_of_interest', 'establishment']","5/61 Petrie Terrace, Brisbane City",FALSE,N/A
53,Queensland (QLD),Brisbane,"-27.4705, 153.0260",Friday's Riverside,OPERATIONAL,{'open_now': True},2,4,"['bar', 'restaurant', 'food', 'point_of_interest', 'establishment']","Riverside Centre, 123 Eagle Street, Brisbane City",TRUE,Italian
54,South Australia (SA),Adelaide,"-34.9285, 138.6007",Stamford Plaza Adelaide,CLOSED_TEMPORARILY,N/A,N/A,4.1,"['lodging', 'bar', 'restaurant', 'food', 'point_of_interest', 'establishment']","150 North Terrace, Adelaide",FALSE,N/A
55,South Australia (SA),Adelaide,"-34.9285, 138.6007",Jasmin Indian Restaurant,OPERATIONAL,{'open_now': True},3,4.4,"['restaurant', 'food', 'point_of_interest', 'establishment']","31 Hindmarsh Square, Adelaide",FALSE,N/A
56,South Australia (SA),Adelaide,"-34.9285, 138.6007",Adelaide Royal Coach,OPERATIONAL,{'open_now': True},N/A,3.9,"['lodging', 'bar', 'restaurant', 'food', 'point_of_interest', 'establishment']","24 Dequetteville Terrace, Kent Town",FALSE,N/A
57,South Australia (SA),Adelaide,"-34.9285, 138.6007",Subway® Restaurant,OPERATIONAL,{'open_now': True},1,3.9,"['restaurant', 'food', 'point_of_interest', 'establishment']","16 Hindley Street, Adelaide",FALSE,N/A
58,South Australia (SA),Adelaide,"-34.9285, 138.6007",Shiki Japanese Restaurant,OPERATIONAL,{'open_now': False},2,4.5,"['restaurant', 'food', 'point_of_interest', 'establishment']","Upper Lobby, North Terrace, Adelaide",FALSE,N/A
59,South Australia (SA),Adelaide,"-34.9285, 138.6007",River Cafe,OPERATIONAL,{'open_now': False},3,4.1,"['restaurant', 'food', 'point_of_interest', 'establishment']","War Memorial Drive, North Adelaide",FALSE,N/A
60,South Australia (SA),Adelaide,"-34.9285, 138.6007",bp,OPERATIONAL,{'open_now': True},N/A,3.4,"['gas_station', 'atm', 'car_wash', 'finance', 'restaurant', 'food', 'point_of_interest', 'establishment']","41-49 West Terrace, Adelaide",FALSE,N/A
61,South Australia (SA),Adelaide,"-34.9285, 138.6007",Subway® Restaurant,OPERATIONAL,{'open_now': True},1,3.9,"['restaurant', 'food', 'point_of_interest', 'establishment']","Pulteney St &, Angas Street, Adelaide",FALSE,N/A
62,South Australia (SA),Adelaide,"-34.9285, 138.6007",The Original Coopers Alehouse,OPERATIONAL,{'open_now': True},2,4.3,"['bar', 'restaurant', 'food', 'point_of_interest', 'establishment']","316 Pulteney Street, Adelaide",FALSE,N/A
63,South Australia (SA),Adelaide,"-34.9285, 138.6007",Star of Siam,OPERATIONAL,{'open_now': True},2,4.5,"['restaurant', 'food', 'point_of_interest', 'establishment']","67 Gouger Street, Adelaide",TRUE,Asian
64,South Australia (SA),Adelaide,"-34.9285, 138.6007",Subway,OPERATIONAL,{'open_now': False},1,4.2,"['restaurant', 'food', 'point_of_interest', 'establishment']","Shop FC09b Grenfell Street, Adelaide",FALSE,N/A
65,South Australia (SA),Adelaide,"-34.9285, 138.6007",The Greek on Halifax,OPERATIONAL,{'open_now': True},2,4.4,"['cafe', 'restaurant', 'food', 'point_of_interest', 'store', 'establishment']","75-79 Halifax Street, Adelaide",FALSE,N/A
66,South Australia (SA),Adelaide,"-34.9285, 138.6007",A Hereford Beefstouw,OPERATIONAL,{'open_now': True},3,4.2,"['restaurant', 'food', 'point_of_interest', 'establishment']","143 Hutt Street, Adelaide",FALSE,N/A
67,South Australia (SA),Adelaide,"-34.9285, 138.6007",SkyCity Adelaide,OPERATIONAL,{'open_now': True},N/A,3.8,"['casino', 'tourist_attraction', 'lodging', 'bar', 'restaurant', 'food', 'point_of_interest', 'establishment']","125 North Terrace, Adelaide",FALSE,N/A
68,South Australia (SA),Hobart,"-42.8826, 147.3257",Hearth Pizza & Small Plates,OPERATIONAL,{'open_now': True},2,4.3,"['restaurant', 'food', 'point_of_interest', 'establishment']","37 Montpelier Retreat, Battery Point",FALSE,N/A
69,South Australia (SA),Hobart,"-42.8826, 147.3257",Salamanca Inn,OPERATIONAL,{'open_now': True},N/A,4.4,"['lodging', 'bar', 'restaurant', 'food', 'point_of_interest', 'establishment']","10 Gladstone Street, Battery Point",FALSE,N/A
70,South Australia (SA),Hobart,"-42.8826, 147.3257",Annapurna Indian Cuisine,OPERATIONAL,{'open_now': True},2,4,"['meal_delivery', 'meal_takeaway', 'restaurant', 'food', 'point_of_interest', 'establishment']","305 Elizabeth Street, North Hobart",FALSE,N/A
71,South Australia (SA),Hobart,"-42.8826, 147.3257",Best Western Hobart,OPERATIONAL,{'open_now': True},N/A,3.8,"['lodging', 'restaurant', 'food', 'point_of_interest', 'establishment']","156 Bathurst Street, Hobart",FALSE,N/A
72,South Australia (SA),Hobart,"-42.8826, 147.3257",Edinburgh Gallery Bed & Breakfast,OPERATIONAL,{'open_now': True},N/A,4.3,"['lodging', 'restaurant', 'food', 'point_of_interest', 'establishment']","211 Macquarie Street, Hobart",FALSE,N/A
73,South Australia (SA),Hobart,"-42.8826, 147.3257",MALDINI,OPERATIONAL,{'open_now': True},2,4.4,"['restaurant', 'food', 'point_of_interest', 'establishment']","47 Salamanca Place, Hobart",FALSE,N/A
74,South Australia (SA),Hobart,"-42.8826, 147.3257",Drunken Admiral,OPERATIONAL,{'open_now': True},2,4.3,"['meal_delivery', 'meal_takeaway', 'restaurant', 'food', 'point_of_interest', 'establishment']","17/19 Hunter Street, Hobart",FALSE,N/A
75,South Australia (SA),Hobart,"-42.8826, 147.3257",Subway,OPERATIONAL,{'open_now': True},1,3.8,"['restaurant', 'food', 'point_of_interest', 'establishment']","77 Elizabeth Street, Hobart",FALSE,N/A
76,South Australia (SA),Hobart,"-42.8826, 147.3257",Subway,OPERATIONAL,{'open_now': True},1,4.1,"['restaurant', 'food', 'point_of_interest', 'establishment']","4/346 Elizabeth Street, North Hobart",FALSE,N/A
77,South Australia (SA),Hobart,"-42.8826, 147.3257",Da Angelo Ristorante,OPERATIONAL,{'open_now': True},2,4.7,"['restaurant', 'food', 'point_of_interest', 'establishment']","47 Hampden Road, Battery Point",FALSE,N/A
78,South Australia (SA),Hobart,"-42.8826, 147.3257",Republic Bar & Cafe,OPERATIONAL,N/A,2,4.4,"['cafe', 'bar', 'restaurant', 'food', 'point_of_interest', 'establishment']","299 Elizabeth Street, North Hobart",FALSE,N/A
79,South Australia (SA),Hobart,"-42.8826, 147.3257",Ball & Chain Grill,OPERATIONAL,{'open_now': True},2,4.3,"['restaurant', 'food', 'point_of_interest', 'establishment']","87 Salamanca Place, Battery Point",FALSE,N/A
80,Western Australia (WA),Perth,"-31.9523, 115.8613",Nemonic,OPERATIONAL,{'open_now': False},2,4.3,"['restaurant', 'food', 'point_of_interest', 'establishment']","97 Murray Street, Perth",FALSE,N/A
81,Western Australia (WA),Perth,"-31.9523, 115.8613",Seasons Of Perth,OPERATIONAL,{'open_now': True},N/A,3.5,"['lodging', 'restaurant', 'food', 'point_of_interest', 'establishment']","37 Pier Street, Perth",FALSE,N/A
82,Western Australia (WA),Perth,"-31.9523, 115.8613",My Place Bar & Restaurant,OPERATIONAL,{'open_now': True},2,4.3,"['bar', 'restaurant', 'food', 'point_of_interest', 'establishment']","70 Pier Street, Perth",TRUE,Pakistani
83,Western Australia (WA),Perth,"-31.9523, 115.8613",Hongkies Kitchen,OPERATIONAL,{'open_now': True},1,3.9,"['meal_takeaway', 'restaurant', 'food', 'point_of_interest', 'establishment']","269 William Street, Northbridge",FALSE,N/A
84,Western Australia (WA),Perth,"-31.9523, 115.8613",Saowanee's Place Thai Restaurant,OPERATIONAL,{'open_now': False},2,4.4,"['restaurant', 'food', 'point_of_interest', 'establishment']","348 Fitzgerald Street, North Perth",TRUE,Asian
85,Western Australia (WA),Perth,"-31.9523, 115.8613",Sentinel Bar & Grill,OPERATIONAL,{'open_now': True},3,4.3,"['restaurant', 'bar', 'food', 'point_of_interest', 'establishment']","111 Saint Georges Terrace, Perth",FALSE,N/A
86,Western Australia (WA),Perth,"-31.9523, 115.8613",Tony Roma's,OPERATIONAL,{'open_now': False},3,4.3,"['restaurant', 'food', 'point_of_interest', 'establishment']","919 Hay Street, Perth",TRUE,American
87,Western Australia (WA),Perth,"-31.9523, 115.8613",Jaws Sushi East Perth,OPERATIONAL,{'open_now': False},2,4.4,"['restaurant', 'food', 'point_of_interest', 'establishment']","323 Hay Street, Perth",FALSE,N/A
88,Western Australia (WA),Perth,"-31.9523, 115.8613",Restaurant 1903,OPERATIONAL,{'open_now': False},2,4.4,"['restaurant', 'meal_delivery', 'meal_takeaway', 'food', 'point_of_interest', 'establishment']","1/37 Robinson Avenue, Perth",TRUE,Asian
89,Western Australia (WA),Perth,"-31.9523, 115.8613",The George,OPERATIONAL,{'open_now': True},2,4,"['restaurant', 'bar', 'food', 'point_of_interest', 'establishment']","216 Saint Georges Terrace, Perth",FALSE,N/A
90,Western Australia (WA),Perth,"-31.9523, 115.8613",Woolworths Murray Street,OPERATIONAL,{'open_now': True},1,4.2,"['supermarket', 'grocery_or_supermarket', 'meal_takeaway', 'restaurant', 'food', 'point_of_interest', 'store', 'establishment']","166 Murray Street, Perth",FALSE,N/A
91,Western Australia (WA),Perth,"-31.9523, 115.8613",Subway,OPERATIONAL,{'open_now': True},1,3.6,"['meal_takeaway', 'restaurant', 'food', 'point_of_interest', 'establishment']","564 Hay Street, Perth",FALSE,N/A
92,Western Australia (WA),Perth,"-31.9523, 115.8613",C Restaurant in the Sky,OPERATIONAL,{'open_now': True},3,4.5,"['restaurant', 'food', 'point_of_interest', 'establishment']","Level 33/44 Saint Georges Terrace, Perth",FALSE,N/A
93,Western Australia (WA),Perth,"-31.9523, 115.8613",Andaluz Bar & Tapas,OPERATIONAL,{'open_now': True},2,4.4,"['bar', 'restaurant', 'food', 'point_of_interest', 'establishment']","21 Howard Street, Perth",FALSE,N/A
94,Western Australia (WA),Perth,"-31.9523, 115.8613",Bistro Bellavista Restaurant and Pizzeria,OPERATIONAL,{'open_now': False},2,4.6,"['restaurant', 'food', 'point_of_interest', 'establishment']","150 Bennett Street, East Perth",FALSE,N/A
95,Queensland (QLD),Gold Coast,"-28.0167, 153.4000",Benowa Highland Court,OPERATIONAL,{'open_now': True},N/A,4.8,"['restaurant', 'food', 'point_of_interest', 'establishment']","203 Ashmore Road, Benowa",TRUE,Asian
96,Queensland (QLD),Gold Coast,"-28.0167, 153.4000",Subway,OPERATIONAL,{'open_now': True},1,4,"['restaurant', 'food', 'point_of_interest', 'establishment']","Shop 33, Stockland Benowa Gardens, 203 Ashmore Road, Benowa",FALSE,N/A
97,Queensland (QLD),Gold Coast,"-28.0167, 153.4000",Donto Sapporo.,OPERATIONAL,{'open_now': False},2,4.2,"['restaurant', 'food', 'point_of_interest', 'establishment']","Shop 15-16 Sorrento Shopping Village, 20 Bundall Road, Bundall",FALSE,N/A
98,Queensland (QLD),Gold Coast,"-28.0167, 153.4000",Gold Coast Turf Club,OPERATIONAL,{'open_now': False},N/A,4.2,"['bar', 'restaurant', 'food', 'point_of_interest', 'establishment']","Racecourse Drive, Bundall",FALSE,N/A
99,Queensland (QLD),Gold Coast,"-28.0167, 153.4000",Sushi Train,OPERATIONAL,{'open_now': True},2,4,"['restaurant', 'food', 'point_of_interest', 'establishment']","Shop 32 Ashmore Road, Benowa",FALSE,N/A
100,Queensland (QLD),Gold Coast,"-28.0167, 153.4000",Pins Kitchen,OPERATIONAL,{'open_now': True},N/A,5,"['restaurant', 'food', 'point_of_interest', 'establishment']","7/47 Ashmore Road, Bundall",FALSE,N/A
101,Queensland (QLD),Gold Coast,"-28.0167, 153.4000",Base Espresso Benowa,OPERATIONAL,{'open_now': False},2,4.2,"['cafe', 'restaurant', 'food', 'point_of_interest', 'store', 'establishment']","38/203 Ashmore Road, Benowa",FALSE,N/A
102,Queensland (QLD),Gold Coast,"-28.0167, 153.4000",Amphawa Thai Restaurant,OPERATIONAL,{'open_now': True},1,4.6,"['meal_delivery', 'meal_takeaway', 'restaurant', 'food', 'point_of_interest', 'establishment']","Shop 7/47 Ashmore Road, Bundall",FALSE,N/A
103,Queensland (QLD),Gold Coast,"-28.0167, 153.4000",Sushi 1 Benowa,OPERATIONAL,{'open_now': False},N/A,N/A,"['meal_takeaway', 'restaurant', 'food', 'point_of_interest', 'establishment']","Benowa Gardens Shopping Centre, Ashmore Road, Benowa",FALSE,N/A
104,Queensland (QLD),Gold Coast,"-28.0167, 153.4000",Grill'd Benowa Gardens,OPERATIONAL,{'open_now': True},2,4.2,"['restaurant', 'food', 'point_of_interest', 'establishment']","Benowa Gardens Shopping Centre, Benowa Road, Benowa",FALSE,N/A
105,Queensland (QLD),Gold Coast,"-28.0167, 153.4000",Sorrento Seafoods,OPERATIONAL,{'open_now': True},2,4.3,"['meal_takeaway', 'restaurant', 'food', 'point_of_interest', 'establishment']","20 Bundall Road, Bundall",FALSE,N/A
106,Queensland (QLD),Gold Coast,"-28.0167, 153.4000",Due Amici,OPERATIONAL,{'open_now': True},2,4.8,"['restaurant', 'food', 'point_of_interest', 'establishment']","14/20 Bundall Road, Bundall",FALSE,N/A
107,Queensland (QLD),Gold Coast,"-28.0167, 153.4000",The Island Cafe,OPERATIONAL,{'open_now': False},2,4.6,"['cafe', 'restaurant', 'food', 'point_of_interest', 'store', 'establishment']","3a/6 Ashmore Road, Bundall",FALSE,N/A
108,Queensland (QLD),Gold Coast,"-28.0167, 153.4000",Seaport Fish & Chips,OPERATIONAL,{'open_now': True},N/A,3,"['restaurant', 'food', 'point_of_interest', 'establishment']","12/1 Manchester Road, Carrara",FALSE,N/A
109,Queensland (QLD),Gold Coast,"-28.0167, 153.4000",Kenny's Malay Kitchen,OPERATIONAL,{'open_now': True},N/A,4.1,"['restaurant', 'food', 'point_of_interest', 'establishment']","14 Kalimna Drive, Broadbeach Waters",FALSE,N/A
110,Queensland (QLD),Gold Coast,"-28.0167, 153.4000",KFC Benowa,OPERATIONAL,{'open_now': True},1,3.5,"['meal_takeaway', 'restaurant', 'food', 'point_of_interest', 'establishment']","370 Benowa Road CNR Benowa and 203 Ashmore Roads, Benowa",FALSE,N/A
111,Queensland (QLD),Gold Coast,"-28.0167, 153.4000",Horners of Sorrento Bakery Patisserie,OPERATIONAL,{'open_now': False},2,4.7,"['bakery', 'cafe', 'restaurant', 'food', 'point_of_interest', 'store', 'establishment']","Sorrento Shopping Village, 20 Bundall Road, Bundall",FALSE,N/A
112,Queensland (QLD),Gold Coast,"-28.0167, 153.4000",Benowa Tavern,OPERATIONAL,{'open_now': True},2,4.2,"['bar', 'restaurant', 'food', 'point_of_interest', 'establishment']","117 Ashmore Road, Benowa",FALSE,N/A
113,Queensland (QLD),Gold Coast,"-28.0167, 153.4000",Backyard Thai Cuisine,OPERATIONAL,{'open_now': True},N/A,4.2,"['restaurant', 'food', 'point_of_interest', 'establishment']","12/1 Kalimna Drive, Broadbeach Waters",TRUE,Asian
114,Queensland (QLD),Gold Coast,"-28.0167, 153.4000",Benowa Gardens Seafoods,OPERATIONAL,{'open_now': True},N/A,4.5,"['meal_takeaway', 'restaurant', 'food', 'point_of_interest', 'establishment']","Cnr Ashmore & Benowa Rds, Benowa Gardens Shopping Cntr, Benowa",FALSE,N/A
115,Queensland (QLD),Surfers Paradise,"-28.0000, 153.4167",QT Gold Coast,OPERATIONAL,{'open_now': True},N/A,4.3,"['lodging', 'bar', 'restaurant', 'food', 'point_of_interest', 'establishment']","7 Staghorn Avenue, Surfers Paradise",FALSE,N/A
116,Queensland (QLD),Surfers Paradise,"-28.0000, 153.4167",The Island Gold Coast,OPERATIONAL,{'open_now': True},N/A,4.4,"['lodging', 'bar', 'restaurant', 'food', 'point_of_interest', 'establishment']","3128 Surfers Paradise Boulevard, Surfers Paradise",FALSE,N/A
117,Queensland (QLD),Surfers Paradise,"-28.0000, 153.4167",Paradise Resort Gold Coast,OPERATIONAL,{'open_now': False},N/A,4,"['lodging', 'amusement_park', 'restaurant', 'food', 'point_of_interest', 'store', 'establishment']","122 Ferny Avenue, Surfers Paradise",FALSE,N/A
118,Queensland (QLD),Surfers Paradise,"-28.0000, 153.4167",Bazaar Gold Coast,OPERATIONAL,{'open_now': True},3,4.2,"['restaurant', 'food', 'point_of_interest', 'establishment']","7 Staghorn Avenue, Surfers Paradise",FALSE,N/A
119,Queensland (QLD),Surfers Paradise,"-28.0000, 153.4167",Subway,OPERATIONAL,N/A,1,3.3,"['restaurant', 'food', 'point_of_interest', 'establishment']","Shop SP010/9 Cavill Avenue, Surfers Paradise",FALSE,N/A
120,Queensland (QLD),Surfers Paradise,"-28.0000, 153.4167",bp,OPERATIONAL,{'open_now': True},N/A,4.2,"['gas_station', 'atm', 'finance', 'restaurant', 'food', 'point_of_interest', 'establishment']","Ferry Rd &, Cotlew Street East, Southport",FALSE,N/A
121,Queensland (QLD),Surfers Paradise,"-28.0000, 153.4167",Pancakes in Paradise,OPERATIONAL,{'open_now': True},2,3.9,"['restaurant', 'food', 'point_of_interest', 'establishment']","Surf City Church Complex, 3046 Surfers Paradise Boulevard, Surfers Paradise",FALSE,N/A
122,Queensland (QLD),Surfers Paradise,"-28.0000, 153.4167",Stingray Lounge,OPERATIONAL,{'open_now': True},2,4.2,"['night_club', 'bar', 'restaurant', 'food', 'point_of_interest', 'establishment']","7 Staghorn Avenue, Surfers Paradise",FALSE,N/A
123,Queensland (QLD),Surfers Paradise,"-28.0000, 153.4167",Hard Rock Cafe,OPERATIONAL,{'open_now': True},2,4.1,"['restaurant', 'food', 'point_of_interest', 'establishment']","Cnr Cavill Ave &, Surfers Paradise Boulevard, Surfers Paradise",FALSE,N/A
124,Queensland (QLD),Surfers Paradise,"-28.0000, 153.4167",Delhidarbar,OPERATIONAL,{'open_now': True},N/A,3.6,"['restaurant', 'food', 'point_of_interest', 'establishment']","Wyndham Resort, 3018 Surfers Paradise Blvd, Corner, Hamilton Avenue, Surfers Paradise",FALSE,N/A
125,Queensland (QLD),Surfers Paradise,"-28.0000, 153.4167",Donto Sapporo.,OPERATIONAL,{'open_now': False},2,4.2,"['restaurant', 'food', 'point_of_interest', 'establishment']","Shop 15-16 Sorrento Shopping Village, 20 Bundall Road, Bundall",FALSE,N/A
126,Queensland (QLD),Surfers Paradise,"-28.0000, 153.4167",Hog's Breath Cafe Surfers Paradise,OPERATIONAL,{'open_now': True},2,3.7,"['restaurant', 'food', 'point_of_interest', 'establishment']","Soul, Building T2/9 Cavill Avenue, Surfers Paradise",FALSE,N/A
127,Queensland (QLD),Surfers Paradise,"-28.0000, 153.4167",Gold Coast Turf Club,OPERATIONAL,{'open_now': False},N/A,4.2,"['bar', 'restaurant', 'food', 'point_of_interest', 'establishment']","Racecourse Drive, Bundall",FALSE,N/A
128,Queensland (QLD),Surfers Paradise,"-28.0000, 153.4167",Chiangmai Thai Restaurant Surfers Paradise,OPERATIONAL,{'open_now': True},2,4.3,"['restaurant', 'food', 'point_of_interest', 'establishment']",Surfers Paradise,FALSE,N/A
129,Queensland (QLD),Surfers Paradise,"-28.0000, 153.4167",Montezuma's Surfers Paradise,OPERATIONAL,{'open_now': True},2,3.6,"['restaurant', 'food', 'point_of_interest', 'establishment']","Aloha Apartments, 8/12 Trickett Street, Surfers Paradise",FALSE,N/A
130,Queensland (QLD),Surfers Paradise,"-28.0000, 153.4167",Yamagen Japanese Restaurant,OPERATIONAL,{'open_now': True},2,4.5,"['restaurant', 'food', 'point_of_interest', 'establishment']","7 Staghorn Avenue, Surfers Paradise",FALSE,N/A
131,Queensland (QLD),Surfers Paradise,"-28.0000, 153.4167",Citrique,OPERATIONAL,{'open_now': True},3,4.1,"['restaurant', 'food', 'point_of_interest', 'establishment']","158 Ferny Avenue, Surfers Paradise",FALSE,N/A
132,Queensland (QLD),Surfers Paradise,"-28.0000, 153.4167",Costa D'oro Italian Restaurant & Pizzeria,OPERATIONAL,{'open_now': True},2,4.4,"['meal_takeaway', 'bar', 'restaurant', 'food', 'point_of_interest', 'establishment']","27 Orchid Avenue, Surfers Paradise",FALSE,N/A
133,New South Wales (NSW),Wollongong,"-34.426498294, 150.876496494",bp Truckstop,OPERATIONAL,{'open_now': True},N/A,3.6,"['gas_station', 'atm', 'finance', 'restaurant', 'food', 'point_of_interest', 'establishment']","438 Crown Street, West Wollongong",FALSE,N/A
134,New South Wales (NSW),Wollongong,"-34.426498294, 150.876496494",Subway,OPERATIONAL,{'open_now': True},1,4,"['restaurant', 'food', 'point_of_interest', 'establishment']","3/45 Princes Highway, Figtree",FALSE,N/A
135,New South Wales (NSW),Wollongong,"-34.426498294, 150.876496494",Amigos Mexican Restaurant,OPERATIONAL,{'open_now': True},2,4.2,"['restaurant', 'food', 'point_of_interest', 'establishment']","116 Keira Street, Wollongong",FALSE,N/A
136,New South Wales (NSW),Wollongong,"-34.426498294, 150.876496494",Domino's Pizza Figtree,OPERATIONAL,{'open_now': True},1,3.6,"['meal_takeaway', 'restaurant', 'food', 'point_of_interest', 'establishment']","45 Princes Highway, Figtree",FALSE,N/A
137,New South Wales (NSW),Wollongong,"-34.426498294, 150.876496494",Figtree Sports,OPERATIONAL,{'open_now': True},N/A,4.3,"['bar', 'restaurant', 'food', 'point_of_interest', 'establishment']","120 The Avenue, Figtree",FALSE,N/A
138,New South Wales (NSW),Wollongong,"-34.426498294, 150.876496494",Woolworths Wollongong,OPERATIONAL,{'open_now': True},1,4.1,"['supermarket', 'grocery_or_supermarket', 'meal_takeaway', 'restaurant', 'food', 'point_of_interest', 'store', 'establishment']","63 Burelli Street, Wollongong",FALSE,N/A
139,New South Wales (NSW),Wollongong,"-34.426498294, 150.876496494",Lupa Woodfired Pizza,OPERATIONAL,{'open_now': True},2,4.4,"['restaurant', 'food', 'point_of_interest', 'establishment']","98-100 Keira Street, Wollongong",FALSE,N/A
140,New South Wales (NSW),Wollongong,"-34.426498294, 150.876496494",7-Eleven West Wollongong,OPERATIONAL,{'open_now': True},N/A,3,"['gas_station', 'convenience_store', 'bakery', 'restaurant', 'food', 'point_of_interest', 'store', 'establishment']","346 Crown Street, Wollongong",FALSE,N/A
141,New South Wales (NSW),Wollongong,"-34.426498294, 150.876496494",Lettuce B. Frank,OPERATIONAL,{'open_now': False},2,4.5,"['restaurant', 'cafe', 'food', 'point_of_interest', 'store', 'establishment']","337 Crown Street, Wollongong",TRUE,Asian
142,New South Wales (NSW),Wollongong,"-34.426498294, 150.876496494",POD Emporium & Espresso,OPERATIONAL,{'open_now': False},N/A,4.3,"['cafe', 'restaurant', 'food', 'point_of_interest', 'clothing_store', 'store', 'establishment']","1/174-182 Gipps Road, Gwynneville",FALSE,N/A
143,New South Wales (NSW),Wollongong,"-34.426498294, 150.876496494",Bostons Espresso-Cafe,OPERATIONAL,{'open_now': False},1,4.6,"['cafe', 'restaurant', 'food', 'point_of_interest', 'store', 'establishment']","11/15 Atchison Street, Wollongong",FALSE,N/A
144,New South Wales (NSW),Wollongong,"-34.426498294, 150.876496494",Snax Plus,OPERATIONAL,{'open_now': False},N/A,N/A,"['meal_takeaway', 'cafe', 'restaurant', 'food', 'point_of_interest', 'establishment']","90 Market Street, Wollongong",FALSE,N/A
145,New South Wales (NSW),Wollongong,"-34.426498294, 150.876496494",Lavish On Crown,OPERATIONAL,{'open_now': True},N/A,N/A,"['cafe', 'restaurant', 'food', 'point_of_interest', 'store', 'establishment']","Shop 1/266-268 Crown Street, Wollongong",FALSE,N/A
146,New South Wales (NSW),Wollongong,"-34.426498294, 150.876496494",The White Rabbit,OPERATIONAL,{'open_now': False},2,4.6,"['cafe', 'meal_takeaway', 'restaurant', 'food', 'point_of_interest', 'store', 'establishment']","Shop 2/50 Grey Street, Keiraville",FALSE,N/A
147,New South Wales (NSW),Wollongong,"-34.426498294, 150.876496494",Gwynneville Kebab and Pide House,OPERATIONAL,{'open_now': True},1,4.2,"['restaurant', 'food', 'point_of_interest', 'establishment']","164 Gipps Road, Gwynneville",FALSE,N/A
148,New South Wales (NSW),Wollongong,"-34.426498294, 150.876496494",Kiss & Drop,OPERATIONAL,{'open_now': False},N/A,4.6,"['cafe', 'restaurant', 'food', 'point_of_interest', 'store', 'establishment']","6/31 Thames Street, West Wollongong",FALSE,N/A
149,New South Wales (NSW),Wollongong,"-34.426498294, 150.876496494",Kneading Ruby,OPERATIONAL,{'open_now': True},2,4.7,"['restaurant', 'food', 'point_of_interest', 'establishment']","5 Crown Lane, Wollongong",FALSE,N/A
150,New South Wales (NSW),Wollongong,"-34.426498294, 150.876496494",Humber,OPERATIONAL,{'open_now': True},2,4.3,"['bar', 'restaurant', 'food', 'point_of_interest', 'establishment']","226 Crown Street, Wollongong",FALSE,N/A
151,New South Wales (NSW),Wollongong,"-34.426498294, 150.876496494",The Coffee Emporium Wollongong,OPERATIONAL,{'open_now': False},2,4.1,"['cafe', 'restaurant', 'food', 'point_of_interest', 'store', 'establishment']","202 Keira Street, Wollongong",FALSE,N/A
152,New South Wales (NSW),Wollongong,"-34.426498294, 150.876496494",Japanese Bento house,OPERATIONAL,{'open_now': True},1,4.6,"['restaurant', 'meal_takeaway', 'food', 'point_of_interest', 'establishment']","218 Keira Street, Wollongong",FALSE,N/A
153,Northern Territory (NT),Darwin,"-12.46113, 130.84185",Travelodge Resort Darwin,OPERATIONAL,{'open_now': True},N/A,3.7,"['lodging', 'restaurant', 'food', 'point_of_interest', 'establishment']","64 Cavenagh Street, Darwin City",FALSE,N/A
154,Northern Territory (NT),Darwin,"-12.46113, 130.84185",Hanuman,OPERATIONAL,{'open_now': False},3,4.3,"['restaurant', 'food', 'point_of_interest', 'establishment']","next to Darwin Entertainment Centre, 93 Mitchell Street, Darwin City",FALSE,N/A
155,Northern Territory (NT),Darwin,"-12.46113, 130.84185",Ruby Vietnamese Restaurant,OPERATIONAL,{'open_now': True},2,4.3,"['restaurant', 'food', 'point_of_interest', 'establishment']","48-50 Smith Street, Darwin City",FALSE,N/A
156,Northern Territory (NT),Darwin,"-12.46113, 130.84185",Char Restaurant,OPERATIONAL,{'open_now': True},4,4,"['restaurant', 'bar', 'food', 'point_of_interest', 'establishment']","70 Esplanade, Darwin City",FALSE,N/A
157,Northern Territory (NT),Darwin,"-12.46113, 130.84185",Tim's Surf & Turf,CLOSED_TEMPORARILY,N/A,2,4.4,"['restaurant', 'food', 'point_of_interest', 'establishment']","10 Litchfield Street, Darwin City",FALSE,N/A
158,Northern Territory (NT),Darwin,"-12.46113, 130.84185",The Deck Bar,OPERATIONAL,{'open_now': True},2,4.2,"['meal_takeaway', 'bar', 'restaurant', 'food', 'point_of_interest', 'establishment']","22 Mitchell Street, Darwin City",FALSE,N/A
159,Northern Territory (NT),Darwin,"-12.46113, 130.84185",Monsoons Darwin,OPERATIONAL,{'open_now': True},2,3.9,"['bar', 'night_club', 'cafe', 'restaurant', 'food', 'point_of_interest', 'establishment']","46 Mitchell Street, Darwin City",FALSE,N/A
160,Northern Territory (NT),Darwin,"-12.46113, 130.84185",Nirvana Restaurant Darwin,OPERATIONAL,{'open_now': False},2,4.4,"['meal_takeaway', 'restaurant', 'food', 'point_of_interest', 'establishment']","14 Dashwood Crescent, Darwin City",FALSE,N/A
161,Northern Territory (NT),Darwin,"-12.46113, 130.84185",Mindil Beach Casino Resort,OPERATIONAL,{'open_now': True},N/A,4.1,"['casino', 'spa', 'lodging', 'restaurant', 'food', 'point_of_interest', 'establishment']","Mindil Beach, Gilruth Avenue, Darwin City",FALSE,N/A
162,Northern Territory (NT),Darwin,"-12.46113, 130.84185",City Pizza,OPERATIONAL,{'open_now': True},2,4.1,"['meal_delivery', 'meal_takeaway', 'restaurant', 'food', 'point_of_interest', 'establishment']","Corner of Cavenaugh and Knuckey Street, Darwin City",FALSE,N/A
163,Northern Territory (NT),Darwin,"-12.46113, 130.84185",Ben's Bakehouse,OPERATIONAL,{'open_now': False},1,4.5,"['bakery', 'cafe', 'restaurant', 'food', 'point_of_interest', 'store', 'establishment']","2/26 Knuckey Street, Darwin City",FALSE,N/A
164,Northern Territory (NT),Darwin,"-12.46113, 130.84185",Noodle House,OPERATIONAL,{'open_now': False},2,3.9,"['restaurant', 'food', 'point_of_interest', 'establishment']","84 Mitchell Street, Darwin City",FALSE,N/A
165,Northern Territory (NT),Darwin,"-12.46113, 130.84185",Asian Pot,OPERATIONAL,{'open_now': False},N/A,4.5,"['restaurant', 'food', 'point_of_interest', 'establishment']","6/21 Knuckey Street, Darwin City",FALSE,N/A
166,Northern Territory (NT),Darwin,"-12.46113, 130.84185",D Bar & Restaurant,OPERATIONAL,{'open_now': False},N/A,4.2,"['restaurant', 'bar', 'food', 'point_of_interest', 'establishment']","81 Smith Street, Darwin City",FALSE,N/A
167,Northern Territory (NT),Darwin,"-12.46113, 130.84185",Speaker's Corner Café,OPERATIONAL,{'open_now': False},N/A,4.5,"['cafe', 'restaurant', 'food', 'point_of_interest', 'store', 'establishment']","Parliament House Mitchell Street, Darwin City",FALSE,N/A
168,Northern Territory (NT),Darwin,"-12.46113, 130.84185",Darwin Tandoor,OPERATIONAL,{'open_now': True},1,4.8,"['meal_takeaway', 'restaurant', 'food', 'point_of_interest', 'establishment']","Shop 21/69 Mitchell Street, Darwin City",FALSE,N/A
169,Northern Territory (NT),Darwin,"-12.46113, 130.84185",The Kebab and MoMo House,OPERATIONAL,{'open_now': True},N/A,3.9,"['restaurant', 'food', 'point_of_interest', 'establishment']","3/4 Edmunds Street, Darwin City",TRUE,Indian
170,Northern Territory (NT),Darwin,"-12.46113, 130.84185",Sushi Izu,OPERATIONAL,{'open_now': True},1,4.4,"['restaurant', 'food', 'point_of_interest', 'establishment']","Cavenagh Street, Darwin City",FALSE,N/A
